term,factor,intercept
attitude,0.05555555555555555,0.3888888888888889
social_norm,0.08333333333333333,0.16666666666666666
efficacy,0.25,-0.5
