term,factor,intercept
attitude,0.055555556,0.388888889
social_norm,0.090909091,0.090909091
efficacy,0.25,-0.5
